City,Lat,Long,Max Temp,Humidity,Clouds,Wind Speed,Country,Date
Busselton,-33.65,115.33,63.0,38,50,12.73,AU,1603548173
Tiksi,71.69,128.87,11.41,91,39,15.79,RU,1603548255
Lavrentiya,65.58,-171.0,32.59,93,93,5.61,RU,1603548255
St. George's,12.06,-61.75,87.8,74,40,23.04,GD,1603547997
Madera,37.17,-119.83,57.0,62,26,1.66,US,1603548255
Asău,46.43,26.4,63.0,68,100,4.0,RO,1603548255
Florianópolis,-27.61,-48.5,79.0,78,40,9.17,BR,1603548255
Monrovia,6.3,-10.8,86.0,74,75,7.14,LR,1603548255
Hermanus,-34.42,19.23,73.99,67,85,5.01,ZA,1603548255
Provideniya,64.38,-173.3,32.47,95,88,15.3,RU,1603548255
Albany,42.6,-73.97,59.0,76,100,4.0,US,1603548179
Chui,-33.7,-53.46,73.47,76,66,4.52,UY,1603548255
Airai,-8.93,125.41,64.49,100,47,1.14,TL,1603548255
Nikolskoye,59.7,30.79,41.0,75,75,4.47,RU,1603548255
Longyearbyen,78.22,15.64,19.4,79,40,2.24,SJ,1603548255
Cherskiy,68.75,161.3,20.05,91,0,8.08,RU,1603548255
Carndonagh,55.25,-7.27,53.6,62,20,21.92,IE,1603548255
Goderich,43.75,-81.72,42.01,87,100,14.74,CA,1603548004
Gizo Government Station,-8.1,156.84,82.45,77,78,9.86,SB,1603548255
Klyuchi,52.27,79.17,26.62,84,0,6.71,RU,1603548255
Lagoa,39.05,-27.98,66.74,83,95,27.6,PT,1603548255
Caxito,-8.58,13.66,82.4,65,40,11.41,AO,1603548255
Tuktoyaktuk,69.45,-133.04,14.0,92,5,8.05,CA,1603548256
Sitka,57.05,-135.33,33.8,47,20,4.27,US,1603548256
San Cristobal,7.77,-72.22,80.6,65,40,5.82,VE,1603548217
Verkhnyaya Toyma,62.23,45.0,32.99,95,100,11.45,RU,1603548256
Orange Cove,36.62,-119.31,53.6,66,90,2.44,US,1603548256
Punta Arenas,-53.15,-70.92,42.8,87,90,13.87,CL,1603548256
Rikitea,-23.12,-134.97,74.91,81,100,14.61,PF,1603548256
Mogadishu,2.04,45.34,84.2,66,40,16.11,SO,1603548256
Norman Wells,65.28,-126.83,12.2,92,20,5.82,CA,1603548256
Esperance,-33.87,121.9,53.6,81,0,11.41,AU,1603548256
Saint-Philippe,-21.36,55.77,75.2,64,0,21.92,RE,1603548256
Lakes Entrance,-37.88,147.98,46.0,87,21,11.88,AU,1603548256
Ulladulla,-35.35,150.47,55.4,100,90,12.75,AU,1603548256
Kavaratti,10.57,72.64,81.59,76,100,10.71,IN,1603548256
Carnarvon,-24.87,113.63,71.6,83,0,20.8,AU,1603548256
Mount Gambier,-37.83,140.77,42.8,93,84,8.05,AU,1603548256
Bambous Virieux,-20.34,57.76,75.2,69,75,12.75,MU,1603548256
Narsaq,60.92,-46.05,30.2,74,75,1.12,GL,1603548256
Tibú,8.64,-72.74,85.95,65,100,0.65,CO,1603548256
Āwash,8.98,40.17,93.94,15,5,14.45,ET,1603548256
Mataura,-46.19,168.86,63.0,56,100,13.0,NZ,1603548256
Baykit,61.67,96.37,24.67,95,100,2.06,RU,1603548257
Port Macquarie,-31.43,152.92,68.0,94,40,10.29,AU,1603548257
Coquimbo,-29.95,-71.34,51.8,93,90,5.82,CL,1603548257
Shimoda,34.67,138.95,54.0,65,0,3.0,JP,1603548192
Bluff,-46.6,168.33,63.0,56,100,13.0,NZ,1603548257
Balad,34.02,44.15,82.26,14,0,4.99,IQ,1603548257
Surazh,53.02,32.39,51.15,98,100,9.66,RU,1603548257
Puerto Ayora,-0.74,-90.35,70.0,91,88,5.01,EC,1603548257
Dikson,73.51,80.55,26.62,92,59,8.25,RU,1603548257
Butaritari,3.07,172.79,81.68,69,100,5.28,KI,1603548257
Saint George,37.1,-113.58,51.8,43,1,3.36,US,1603548257
Ushuaia,-54.8,-68.3,50.0,53,40,14.99,AR,1603548257
Saskylakh,71.92,114.08,15.6,95,100,23.71,RU,1603548257
Bredasdorp,-34.53,20.04,75.2,60,53,10.29,ZA,1603548257
Qaanaaq,77.48,-69.36,17.01,92,100,10.0,GL,1603548257
Soyo,-6.13,12.37,78.48,78,100,10.33,AO,1603548257
Hobart,-42.88,147.33,44.6,56,2,12.75,AU,1603548024
Laguna,38.42,-121.42,51.8,81,1,3.36,US,1603548257
Hirara,24.8,125.28,73.74,71,100,18.61,JP,1603548257
Castro,-24.79,-50.01,70.47,75,98,6.06,BR,1603548257
Majene,-3.54,118.97,80.87,80,100,4.72,ID,1603548257
Benguela,-12.58,13.41,80.6,78,75,6.93,AO,1603548257
Vaini,-21.2,-175.2,73.4,83,90,8.05,TO,1603548257
Qaqortoq,60.72,-46.03,30.2,74,75,1.12,GL,1603548258
Berlevåg,70.86,29.09,37.53,91,100,24.4,NO,1603548258
Qasigiannguit,68.82,-51.19,21.2,57,75,5.82,GL,1603548258
Homer,59.64,-151.55,41.0,93,90,3.36,US,1603548258
Tank,32.22,70.38,74.8,19,0,2.62,PK,1603548258
Dalvik,65.97,-18.53,42.8,70,90,17.22,IS,1603548258
Fortuna,40.6,-124.16,52.0,100,90,4.7,US,1603548183
Kālia,23.04,89.63,76.17,93,43,4.74,BD,1603548258
Avarua,-21.21,-159.78,71.6,83,68,6.93,CK,1603548258
Charters Towers,-20.1,146.27,73.92,72,100,9.33,AU,1603548258
Hilo,19.73,-155.09,72.0,73,1,3.36,US,1603548029
Saint Paul Harbor,57.79,-152.41,44.6,93,90,4.7,US,1603548258
Conceição da Barra,-18.59,-39.73,79.18,78,83,10.42,BR,1603548259
Northam,51.03,-4.22,55.0,95,100,13.0,GB,1603548259
East London,-33.02,27.91,77.0,69,0,10.29,ZA,1603548259
Upernavik,72.79,-56.15,21.02,94,100,8.08,GL,1603548259
Makkah al Mukarramah,21.43,39.83,93.06,27,0,14.2,SA,1603548259
Craig,40.52,-107.55,28.4,62,1,4.7,US,1603548259
Broome,42.25,-75.83,50.0,93,90,10.29,US,1603548259
Redmond,47.67,-122.12,42.01,94,76,6.42,US,1603548089
Henties Bay,-22.12,14.28,62.01,83,14,1.99,NA,1603548259
Viramgam,23.12,72.05,86.0,35,0,7.34,IN,1603548259
Atuona,-9.8,-139.03,78.26,77,5,19.82,PF,1603548259
Lüderitz,-26.65,15.16,68.0,58,0,16.37,NA,1603548259
São João da Barra,-21.64,-41.05,77.0,73,90,9.17,BR,1603548259
Sibu,2.3,111.82,77.0,94,40,3.36,MY,1603548259
Arawa,-6.21,155.54,77.27,80,62,3.29,PG,1603548260
Caravelas,-17.71,-39.25,79.3,79,58,8.28,BR,1603547964
Dunedin,-45.87,170.5,58.59,59,81,9.17,NZ,1603548260
Kenora,49.82,-94.43,21.2,92,75,6.93,CA,1603548260
Cape Town,-33.93,18.42,73.0,64,20,11.41,ZA,1603548226
Walvis Bay,-22.96,14.51,75.2,50,6,17.22,NA,1603548260
San Quintín,30.48,-115.95,65.08,77,99,7.38,MX,1603548260
Nangomba,-10.9,38.5,94.66,23,84,2.35,TZ,1603548260
Sena Madureira,-9.07,-68.66,90.18,51,1,4.52,BR,1603548260
Havelock,34.88,-76.9,73.99,83,0,2.66,US,1603548260
Barrow,71.29,-156.79,26.6,86,90,0.47,US,1603548096
Baharly,38.44,57.43,64.36,29,0,6.06,TM,1603548260
Agutaya,11.15,120.94,81.61,80,100,8.63,PH,1603548260
Thinadhoo,0.53,72.93,83.71,76,88,10.13,MV,1603548260
Faanui,-16.48,-151.75,78.48,68,0,4.18,PF,1603548261
Novopavlovka,51.22,109.21,32.79,92,95,3.31,RU,1603548261
Upata,8.01,-62.4,82.4,68,100,8.03,VE,1603548261
Thompson,55.74,-97.86,19.4,79,90,5.82,CA,1603548239
Limbang,4.75,115.0,82.4,83,75,1.12,MY,1603548261
Bend,44.06,-121.32,50.0,66,75,6.93,US,1603548261
Kamaishi,39.27,141.88,50.25,72,6,9.69,JP,1603548261
Voi,-3.39,38.56,84.96,44,96,17.56,KE,1603548261
Lata,40.16,-8.33,64.99,79,96,5.99,PT,1603548261
Khatanga,71.97,102.5,11.95,96,100,14.92,RU,1603548261
Hasaki,35.73,140.83,53.6,100,20,4.7,JP,1603548261
Marzuq,14.4,46.47,80.71,14,96,8.84,YE,1603548261
Jamestown,42.1,-79.24,43.0,86,75,10.29,US,1603548261
Bonthe,7.53,-12.51,86.0,64,87,9.35,SL,1603548261
Tadine,-21.55,167.88,73.65,82,52,14.36,NC,1603548261
Mahon,39.89,4.27,69.8,64,20,11.41,ES,1603548261
Jinchang,38.5,102.17,50.38,42,15,2.75,CN,1603548261
Sobolevo,54.43,31.9,47.35,94,100,2.48,RU,1603548262
Shelburne,44.08,-80.2,39.99,86,40,9.17,CA,1603548262
Ahipara,-35.17,173.17,58.57,93,19,6.2,NZ,1603548262
Mahébourg,-20.41,57.7,75.2,69,75,12.75,MU,1603548262
Yeppoon,-23.13,150.73,71.6,88,42,4.7,AU,1603548262
Ostrovnoy,68.05,39.51,32.67,96,100,8.28,RU,1603548262
Departamento de Maldonado,-34.67,-54.92,68.0,82,20,4.7,UY,1603548262
San Patricio,28.02,-97.52,60.8,63,75,13.87,US,1603548262
Dingle,11.0,122.67,76.05,87,100,2.91,PH,1603548262
Mahanje,-9.93,35.33,84.94,33,54,6.22,TZ,1603548262
Alofi,-19.06,-169.92,75.2,88,100,12.75,NU,1603548262
Verkhnyaya Inta,65.98,60.31,17.28,90,70,13.65,RU,1603548262
Molchanovo,57.58,83.77,26.02,95,83,7.4,RU,1603548262
Charter Township of Clinton,42.59,-82.92,42.01,80,40,10.29,US,1603548263
Batagay,67.63,134.63,14.05,90,3,9.19,RU,1603548263
Whitefish,48.41,-114.34,21.2,57,90,21.92,US,1603548263
Sunrise Manor,36.21,-115.07,60.8,29,40,2.8,US,1603548263
Yellowknife,62.46,-114.35,24.8,85,75,12.75,CA,1603548263
Oranjemund,-28.55,16.43,63.77,70,9,13.6,NA,1603548263
Ayan,56.45,138.17,40.14,93,100,26.06,RU,1603548263
Poum,-20.23,164.02,76.71,78,60,11.3,NC,1603548263
Nadym,65.53,72.52,15.93,96,87,8.68,RU,1603548263
Porangatu,-13.44,-49.15,82.89,57,100,5.1,BR,1603548122
Chopinzinho,-25.86,-52.52,80.2,61,48,3.87,BR,1603548263
Ludvika,60.15,15.19,36.0,93,90,3.36,SE,1603548264
Kapaa,22.08,-159.32,77.63,76,4,8.68,US,1603548264
Baghdad,33.34,44.4,95.0,13,0,4.7,IQ,1603548264
Malakal,9.53,31.66,91.49,49,10,1.28,SS,1603548264
Zyryanka,65.75,150.85,20.21,94,0,2.35,RU,1603548264
Kisangani,0.52,25.2,89.6,59,75,6.93,CD,1603548264
Nanortalik,60.14,-45.24,33.78,87,4,13.11,GL,1603548264
Port Elizabeth,-33.92,25.57,75.2,69,0,11.41,ZA,1603548264
Parit Raja,1.87,103.11,82.4,83,20,1.77,MY,1603548264
Kahului,20.89,-156.47,71.6,73,1,6.93,US,1603548264
Charagua,-19.8,-63.22,82.4,58,0,5.28,BO,1603548264
Umm Hājar,13.3,19.7,99.46,10,8,12.17,TD,1603548019
Marrakesh,31.63,-8.01,77.0,33,0,6.93,MA,1603548119
Umbaúba,-11.38,-37.66,86.95,51,52,11.43,BR,1603548264
Novo Aripuanã,-5.12,-60.38,81.1,89,100,4.0,BR,1603548265
Mar del Plata,-38.0,-57.56,60.8,87,90,6.93,AR,1603548265
Xining,36.62,101.77,49.48,55,98,3.44,CN,1603548265
Hong Kong,22.29,114.16,77.0,68,100,1.01,HK,1603548265
Vissenbjerg,55.38,10.14,55.4,71,75,9.17,DK,1603548265
Tasiilaq,65.61,-37.64,33.8,69,75,3.4,GL,1603548265
Kapit,2.02,112.93,74.07,86,100,1.16,MY,1603548265
Saint Anthony,45.02,-93.22,25.0,73,20,3.6,US,1603548265
Grand Gaube,-20.01,57.66,75.0,66,32,7.0,MU,1603548265
Barquisimeto,10.07,-69.32,83.57,55,44,8.25,VE,1603548265
Saint-Augustin,51.23,-58.65,42.31,77,100,15.12,CA,1603548265
Sühbaatar,50.23,106.21,34.65,86,38,1.41,MN,1603548265
Shiyan,32.65,110.78,55.33,59,1,0.25,CN,1603548265
Galeana,24.83,-100.07,60.53,83,86,3.36,MX,1603548265
Karwar,14.8,74.13,78.13,89,86,9.33,IN,1603548265
Tahe,52.33,124.73,26.83,96,0,4.14,CN,1603548266
Domoni,-12.26,44.53,77.9,74,90,3.6,KM,1603548266
North Platte,41.12,-100.77,28.4,74,90,9.17,US,1603548059
Fairbanks,64.84,-147.72,24.01,92,75,1.25,US,1603548266
Samashki,43.29,45.3,73.4,26,0,4.47,RU,1603548266
Port Alfred,-33.59,26.89,73.74,69,0,11.97,ZA,1603548266
Saldanha,-33.01,17.94,75.2,47,6,6.93,ZA,1603548256
Te Anau,-45.42,167.72,54.48,85,100,7.74,NZ,1603548266
São Filipe,14.9,-24.5,82.09,73,12,10.31,CV,1603548266
Bosaso,11.28,49.18,86.0,62,0,11.41,SO,1603548257
Bethel,41.37,-73.41,61.0,98,100,6.58,US,1603548266
Marawi,8.0,124.29,77.0,91,100,4.0,PH,1603548266
Ponta do Sol,32.67,-17.1,71.6,56,20,8.05,PT,1603548266
Bantry,51.68,-9.45,53.6,71,0,18.34,IE,1603548267
Yar-Sale,66.83,70.83,18.99,96,91,6.33,RU,1603548157
Severo-Kuril'sk,50.68,156.12,46.44,91,100,33.17,RU,1603548267
Tres Picos,15.87,-93.53,81.3,71,11,3.94,MX,1603548267
Guerrero Negro,27.98,-114.06,64.62,88,30,9.78,MX,1603548267
Pangnirtung,66.15,-65.71,23.18,93,99,1.03,CA,1603548267
Chokurdakh,70.63,147.92,8.55,94,77,9.33,RU,1603548267
Soe,-9.86,124.28,69.28,99,29,1.97,ID,1603548267
Terrace,54.52,-128.6,26.6,53,20,11.41,CA,1603547989
Sola,-13.88,167.55,79.74,82,62,16.04,VU,1603548267
New Norfolk,-42.78,147.06,43.0,62,2,4.0,AU,1603548267
Kidal,18.44,1.41,97.79,8,0,24.81,ML,1603548267
Dalbandin,28.89,64.41,64.33,26,0,9.4,PK,1603548267
Namatanai,-3.67,152.43,79.95,76,3,2.95,PG,1603548268
Burnie,-41.07,145.92,43.68,62,0,10.76,AU,1603548268
Lorengau,-2.02,147.27,81.1,65,0,5.03,PG,1603548268
Ribeira Grande,38.52,-28.7,71.6,73,20,18.34,PT,1603548268
Altamira,-3.2,-52.21,91.49,39,100,5.5,BR,1603548211
Yunyang,33.45,112.71,56.53,44,2,2.01,CN,1603548268
Belmira,6.61,-75.67,62.01,100,75,2.24,CO,1603548268
Ati,13.22,18.34,99.28,10,0,14.12,TD,1603548268
Yumen,40.28,97.2,43.72,46,100,6.24,CN,1603548268
Tooele,40.53,-112.3,41.0,64,1,3.36,US,1603548048
Cabo San Lucas,22.89,-109.91,71.6,73,5,5.82,MX,1603548005
Līgatne,57.23,25.04,51.01,92,49,4.18,LV,1603548268
Kaitangata,-46.28,169.85,54.0,72,100,5.32,NZ,1603548268
Tommot,58.96,126.29,27.77,97,100,0.49,RU,1603548268
Klaksvík,62.23,-6.59,50.0,81,48,16.11,FO,1603548268
Norden,53.6,7.2,57.2,76,100,12.75,DE,1603548268
Olafsvik,64.89,-23.71,43.93,72,78,33.87,IS,1603548269
Tabou,4.42,-7.35,83.1,70,86,6.91,CI,1603548269
Khovd,48.01,91.64,36.66,63,6,13.58,MN,1603548269
Pisco,-13.7,-76.22,63.0,88,90,4.7,PE,1603548269
San Ignacio,17.16,-89.07,80.01,100,75,4.7,BZ,1603548122
Río Gallegos,-51.62,-69.22,42.8,93,90,14.99,AR,1603548246
Aykhal,66.0,111.5,17.6,100,90,4.47,RU,1603548269
Iqaluit,63.75,-68.51,28.4,79,90,5.48,CA,1603548269
Port Hardy,50.7,-127.42,35.6,74,20,4.7,CA,1603548269
Arraial do Cabo,-22.97,-42.03,75.2,78,90,17.22,BR,1603548269
Nuuk,64.18,-51.72,28.4,68,20,3.36,GL,1603548270
Clarence Town,-32.58,151.78,64.0,100,40,6.93,AU,1603548270
Tessalit,20.2,1.01,98.82,9,0,19.28,ML,1603548127
Umluj,25.02,37.27,88.02,43,0,5.64,SA,1603548102
Cedar City,37.68,-113.06,48.2,49,1,6.93,US,1603548010
Ekhabi,53.51,142.97,42.8,90,60,10.94,RU,1603548270
Belmonte,-15.86,-38.88,78.8,78,75,5.82,BR,1603548270
George Town,5.41,100.34,82.4,78,20,2.24,MY,1603548020
Souillac,-20.52,57.52,75.2,69,75,12.75,MU,1603548270
Husavik,66.04,-17.34,42.8,70,90,17.22,IS,1603548270
Avera,33.19,-82.53,69.01,75,90,3.36,US,1603548270
Mount Isa,-20.73,139.5,78.8,44,0,8.05,AU,1603548020
Nouadhibou,20.93,-17.03,95.0,26,84,16.11,MR,1603548270
Sechura,-5.56,-80.82,68.59,67,1,7.74,PE,1603548270
Hithadhoo,-0.6,73.08,83.64,75,1,10.58,MV,1603548270
Formosa,-26.18,-58.18,84.2,66,0,9.17,AR,1603548063
Kiboga,0.92,31.77,74.43,84,64,4.43,UG,1603548271
Torbay,47.67,-52.73,46.99,75,75,10.29,CA,1603548271
Dicabisagan,17.08,122.42,79.07,83,100,5.19,PH,1603548271
Hofn,64.25,-15.21,45.55,78,100,43.28,IS,1603548271
Lithakia,37.72,20.83,73.4,69,20,8.28,GR,1603548143
Erzin,36.96,36.2,90.0,17,100,2.62,TR,1603548271
Makushino,55.21,67.24,30.51,97,100,19.89,RU,1603548271
Springbok,-29.66,17.89,89.17,12,0,13.15,ZA,1603548271
Mareeba,-17.0,145.43,77.0,78,40,2.24,AU,1603548271
Sayyan,15.17,44.32,67.57,20,0,13.85,YE,1603548271
Sørland,67.67,12.69,42.8,64,0,13.6,NO,1603548271
Albanel,48.88,-72.45,39.2,81,75,12.75,CA,1603547991
Kinsale,51.71,-8.53,51.8,87,40,12.75,IE,1603548272
Tura,25.52,90.22,71.35,98,99,2.91,IN,1603548272
Tuatapere,-46.13,167.68,63.0,56,100,13.0,NZ,1603548272
Zhezkazgan,47.8,67.71,36.18,66,0,9.53,KZ,1603548272
Aklavik,68.22,-135.01,14.0,85,5,5.82,CA,1603548272
Alta Floresta,-9.88,-56.09,74.32,92,100,3.22,BR,1603548272
Tilichiki,60.47,166.1,28.96,97,0,3.85,RU,1603548272
Isiro,2.77,27.62,86.97,54,63,1.54,CD,1603548272
Montrose,38.42,-108.27,48.0,59,1,5.82,US,1603548045
Buala,-8.14,159.59,80.46,78,100,4.09,SB,1603548272
Genhe,50.78,121.52,26.8,95,0,2.3,CN,1603548273
Greymouth,-42.47,171.2,54.21,76,98,5.75,NZ,1603548273
Dumas,35.87,-101.97,36.0,80,1,10.29,US,1603548273
Bengkulu,-3.8,102.27,77.52,85,100,3.51,ID,1603548273
Teluknaga,-6.1,106.64,80.6,78,75,10.29,ID,1603548273
Bubaque,11.28,-15.83,84.02,72,56,6.85,GW,1603548273
Pevek,69.7,170.31,25.38,93,0,10.6,RU,1603548273
Geraldton,-28.77,114.6,69.8,64,0,11.41,AU,1603548273
Banda Aceh,5.56,95.32,80.76,76,100,14.25,ID,1603548273
Vigrestad,58.57,5.7,48.99,94,100,3.0,NO,1603548273
Shediac,46.22,-64.54,50.0,81,75,13.87,CA,1603548273
Richards Bay,-28.78,32.04,80.1,59,60,15.93,ZA,1603548273
Vanimo,-2.67,141.3,79.14,80,0,2.8,PG,1603548273
Lucapa,-8.42,20.74,83.71,57,96,5.28,AO,1603548273
Qeshm,26.96,56.27,89.6,27,0,4.7,IR,1603548274
Kungurtug,50.6,97.52,35.02,83,100,1.07,RU,1603548274
Southbridge,42.08,-72.03,59.0,99,52,9.01,US,1603548274
Piteå,65.32,21.48,33.8,86,0,6.93,SE,1603548274
Yermish',54.77,42.27,49.78,75,91,10.18,RU,1603548274
General Pico,-35.66,-63.76,71.64,72,96,10.45,AR,1603548072
Nabire,-3.37,135.48,77.0,84,100,3.2,ID,1603548274
Acapulco de Juárez,16.86,-99.89,80.6,94,90,3.36,MX,1603548112
Bentiu,9.23,29.83,90.57,50,81,3.4,SS,1603548274
San Andrés,12.58,-81.7,86.0,79,90,2.24,CO,1603548274
Hamilton,39.18,-84.53,45.0,70,40,11.41,US,1603548071
Escanaba,45.75,-87.06,33.01,92,40,5.82,US,1603548274
Pitimbu,-7.47,-34.81,87.8,58,40,13.87,BR,1603548274
Prachuap Khiri Khan,12.22,99.75,71.8,82,100,1.97,TH,1603547976
Los Llanos de Aridane,28.66,-17.92,75.2,57,40,6.93,ES,1603548274
Kandrian,-6.22,149.55,77.16,87,6,3.91,PG,1603548274
Bathsheba,13.22,-59.52,86.0,66,40,24.16,BB,1603548275
Weatherford,32.76,-97.8,44.01,87,0,3.0,US,1603548215
Hobyo,5.35,48.53,82.6,74,41,19.06,SO,1603548275
Quatre Cocos,-20.21,57.76,75.2,69,75,12.75,MU,1603548275
Sumbawanga,-7.97,31.62,80.6,42,20,9.17,TZ,1603548275
Bariloche,-41.15,-71.31,51.8,62,75,8.05,AR,1603548127
Lethem,3.38,-59.8,90.36,50,0,10.25,GY,1603548275
Harsīn,34.27,47.59,80.6,4,0,3.8,IR,1603548275
Cidreira,-30.18,-50.21,75.42,69,98,6.53,BR,1603548275
Moose Factory,51.26,-80.61,28.4,79,90,9.17,CA,1603548263
Brits,-25.63,27.78,93.2,18,20,12.75,ZA,1603548275
Naze,28.37,129.48,69.8,60,40,12.75,JP,1603548275
Poya,-21.35,165.15,73.69,83,26,4.79,NC,1603548275
Praia,14.92,-23.51,84.2,66,75,20.8,CV,1603547989
Karapyshi,49.64,30.79,61.48,68,81,5.39,UA,1603548275
Cuajinicuilapa,16.47,-98.42,78.96,84,95,2.71,MX,1603548275
Wanning,18.8,110.4,75.18,89,100,21.16,CN,1603548275
Okhotsk,59.38,143.3,38.43,87,100,10.49,RU,1603548275
Sosnovo-Ozerskoye,52.52,111.54,29.23,96,27,4.83,RU,1603548276
Mahibadhoo,3.78,72.97,83.23,77,85,12.55,MV,1603548276
Canutama,-6.53,-64.38,81.09,76,99,1.14,BR,1603548276
Bilibino,68.05,166.44,16.07,86,0,2.26,RU,1603548276
Biak,-0.91,122.88,78.64,80,100,0.67,ID,1603548276
Esso,55.93,158.7,31.05,94,100,6.55,RU,1603548276
Nago,26.59,127.98,66.2,82,1,5.82,JP,1603548276
Meulaboh,4.14,96.13,79.5,79,100,1.48,ID,1603548277
Camopi,3.17,-52.32,93.83,41,14,4.81,GF,1603548277
Belyy Yar,53.6,91.39,32.0,78,0,8.95,RU,1603548277
Muli,2.92,73.57,82.72,81,90,8.34,MV,1603548277
Mirny,62.54,113.96,23.0,57,0,6.71,RU,1603548277
Ketchikan,55.34,-131.65,39.2,54,1,3.36,US,1603548277
Ponta Delgada,37.73,-25.67,69.8,73,20,23.04,PT,1603548277
Kargasok,59.06,80.86,19.89,96,17,7.94,RU,1603548277
Värnamo,57.19,14.04,52.0,86,68,8.97,SE,1603548277
Mossamedes,-15.2,12.15,74.12,71,30,12.15,AO,1603548277
Chapais,49.78,-74.85,30.2,86,90,12.75,CA,1603548277
Concordia,-31.39,-58.02,73.4,83,90,9.17,AR,1603548278
Putai,46.66,1.99,57.2,87,90,19.46,FR,1603548278
Luau,-10.71,22.22,87.21,40,100,5.55,AO,1603548278
Radyvyliv,50.13,25.26,59.2,77,100,11.99,UA,1603548278
Samarai,-10.62,150.67,80.01,81,100,2.93,PG,1603548278
Andros Town,24.7,-77.77,77.0,94,75,4.7,BS,1603548278
Vao,-22.67,167.48,73.53,84,0,17.29,NC,1603548278
Port Lincoln,-34.73,135.87,53.78,59,99,11.3,AU,1603548278
Ust-Tsilma,65.44,52.15,26.02,97,100,8.14,RU,1603548278
Viedma,-40.81,-63.0,77.0,58,86,7.0,AR,1603548028
Stroitel',50.79,36.48,55.4,87,75,4.47,RU,1603548278
Uvat,59.14,68.9,25.63,89,98,9.78,RU,1603548278
Saint-Pierre,-21.34,55.48,75.2,64,0,21.92,RE,1603548278
Slonim,53.09,25.32,53.56,85,63,7.4,BY,1603548278
Maţāy,28.42,30.78,83.84,22,0,11.61,EG,1603548279
Nyurba,63.28,118.33,21.04,96,68,5.28,RU,1603548279
Taltal,-25.4,-70.48,62.02,61,9,4.76,CL,1603548279
Poli,-3.33,36.8,89.6,44,40,11.41,TZ,1603548279
Rabo de Peixe,37.8,-25.58,69.8,73,20,23.04,PT,1603548279
Rayong,12.83,101.43,77.0,83,100,3.36,TH,1603548279
Nishihara,26.18,127.76,69.8,55,40,4.7,JP,1603548279
Alice Springs,-23.7,133.88,68.0,45,30,13.87,AU,1603548185
San Juan de los Lagos,21.25,-102.3,50.0,49,5,9.17,MX,1603548279
Parnamirim,-5.92,-35.26,86.0,66,75,13.87,BR,1603548067
Yaan,7.38,8.57,85.96,66,95,3.36,NG,1603548279
Hervey Bay,-25.3,152.85,75.0,83,75,14.99,AU,1603548279
Kousséri,12.08,15.03,102.2,12,0,14.99,CM,1603548279
Leningradskiy,69.38,178.42,21.58,93,78,4.52,RU,1603548279
Panama City,8.99,-79.52,80.6,88,75,3.36,PA,1603548038
Rawson,-43.3,-65.1,71.69,26,100,2.39,AR,1603548279
Lebu,-37.62,-73.65,50.2,96,100,2.53,CL,1603548280
Wattegama,6.8,81.48,84.2,74,40,10.29,LK,1603548280
Lixouri,38.2,20.43,69.8,88,20,10.29,GR,1603548280
Huangmei,30.19,116.03,55.22,58,0,6.4,CN,1603548280
Goroka,-6.08,145.39,61.57,86,100,1.7,PG,1603548280
Pacifica,37.61,-122.49,55.99,87,20,3.36,US,1603548128
Freeport,40.66,-73.58,64.4,82,90,8.05,US,1603548053
Yulara,-25.24,130.99,68.0,37,0,10.29,AU,1603548280
Praia da Vitória,38.73,-27.07,77.0,50,20,16.64,PT,1603548280
Naujoji Akmenė,56.32,22.9,51.01,89,100,7.0,LT,1603548280
Songea,-10.68,35.65,84.63,31,35,6.73,TZ,1603548280
Kikwit,-5.04,18.82,87.31,55,100,4.29,CD,1603548280
Oussouye,12.48,-16.55,93.2,67,86,4.7,SN,1603548280
Dwārka,22.24,68.97,83.8,53,0,6.22,IN,1603548124
Polovinnoye,54.79,65.99,31.95,98,100,22.06,RU,1603548280
Colón,9.36,-79.9,80.6,88,75,3.36,PA,1603548280
Antalaha,-14.9,50.28,76.95,73,32,13.71,MG,1603548281
Suzun,53.78,82.31,27.73,90,94,10.67,RU,1603548281
Puerto Gaitán,4.31,-72.08,84.11,69,80,5.84,CO,1603548253
Kruisfontein,-34.0,24.73,75.0,68,0,5.01,ZA,1603548281
Portland,45.52,-122.68,50.0,87,40,3.33,US,1603547896
Acaraú,-2.89,-40.12,86.79,59,59,16.71,BR,1603548281
Mahajanga,-15.72,46.32,87.8,52,20,16.11,MG,1603548281
Juodupė,56.08,25.62,50.2,89,99,6.06,LT,1603548281
Palmas Bellas,9.23,-80.09,80.6,100,40,3.18,PA,1603548281
Megion,61.03,76.11,19.4,85,0,2.24,RU,1603548281
Salina Cruz,16.17,-95.2,80.78,67,84,12.08,MX,1603548281
Sakaiminato,35.55,133.23,57.2,47,40,9.17,JP,1603548217
Tocopilla,-22.09,-70.2,67.39,53,9,6.17,CL,1603548281
Yerbogachën,61.28,108.01,29.16,98,100,5.19,RU,1603548274
Krasne,49.91,24.61,59.0,77,75,13.42,UA,1603548281
Damaturu,11.75,11.96,97.88,13,59,15.3,NG,1603548281
At-Bashi,41.17,75.81,34.72,74,100,1.39,KG,1603548280
Verkhoyansk,67.54,133.38,13.75,88,0,10.78,RU,1603548281
Yining,29.04,114.56,54.57,70,60,1.95,CN,1603548282
Belaya Gora,68.53,146.42,10.49,92,48,3.15,RU,1603548282
Kavieng,-2.57,150.8,82.2,72,7,4.47,PG,1603548282
Amargosa,-13.03,-39.6,86.68,45,44,8.34,BR,1603548282
Bairiki Village,1.33,172.98,78.8,78,20,4.7,KI,1603548282
Iralaya,15.0,-83.23,79.54,86,100,4.99,HN,1603548282
Goundi,9.36,17.37,94.3,33,84,3.89,TD,1603548282
Fredericksburg,38.3,-77.46,66.99,100,1,4.5,US,1603548282
Pueblo Bello,8.2,-76.53,77.43,86,83,5.28,CO,1603548282
Orange,33.7,-117.77,66.99,81,100,3.44,US,1603548283
Dauphin,51.15,-100.05,21.2,79,90,6.93,CA,1603548283
Laas,46.62,10.7,64.0,66,75,6.93,IT,1603548283
Tiarei,-17.53,-149.33,75.2,78,75,5.82,PF,1603548283
Yakeshi,49.28,120.73,23.97,95,0,3.2,CN,1603548283
Kirovsk,48.64,38.64,61.3,60,100,3.83,UA,1603548021
Bekwai,6.45,-1.58,90.54,46,100,2.98,GH,1603548283
Anadyr,64.75,177.48,23.0,92,40,2.24,RU,1603548283
Killybegs,54.63,-8.45,53.6,62,75,13.87,IE,1603548283
Moyale,3.52,39.06,79.43,54,79,10.69,KE,1603548283
Bulgan,48.81,103.53,33.4,87,94,1.97,MN,1603548283
Placerville,38.73,-120.8,53.6,52,1,6.93,US,1603548283
Quesnel,53.0,-122.5,10.4,85,1,4.05,CA,1603548050
Zelenoborskiy,66.84,32.36,27.82,94,88,5.14,RU,1603548283
Vestmannaeyjar,63.44,-20.27,42.8,75,75,19.46,IS,1603548283
Vila Velha,-20.33,-40.29,75.99,94,90,9.24,BR,1603548021
Eganville,45.53,-77.1,37.4,81,90,11.45,CA,1603548284
Letlhakane,-21.42,25.58,95.92,16,35,11.99,BW,1603548284
Darnah,32.77,22.64,72.95,66,0,18.95,LY,1603548284
Grindavik,63.84,-22.43,44.6,70,0,27.51,IS,1603548284
Corinth,37.94,22.96,75.0,48,13,5.99,GR,1603548284
Hulan,45.98,126.6,44.01,47,0,10.6,CN,1603548284
Matagami,49.75,-77.63,28.4,92,90,9.17,CA,1603548284
Kaeo,-35.1,173.78,60.01,95,27,3.31,NZ,1603548284
Broken Hill,-31.95,141.43,51.8,62,57,17.22,AU,1603548284
Tvøroyri,61.56,-6.81,50.0,81,45,16.11,FO,1603548284
Kitui,-1.37,38.01,81.91,43,63,15.35,KE,1603548284
Cockburn Town,21.46,-71.14,84.2,74,40,6.93,TC,1603548284
Elko,41.0,-115.5,39.0,31,1,7.96,US,1603548284
Guarujá,-23.99,-46.26,79.0,26,100,4.68,BR,1603548285
Yeniseysk,58.45,92.17,29.44,94,96,5.21,RU,1603548285
Manakara,-22.13,48.02,75.22,73,9,9.64,MG,1603548285
Yangi Marg`ilon,40.43,71.72,53.6,46,100,4.7,UZ,1603548264
Ondo,7.1,4.83,85.44,65,99,3.51,NG,1603548285
Honningsvåg,70.98,25.97,39.52,88,100,23.09,NO,1603548285
Provincia di Imperia,43.97,7.78,68.0,60,20,11.41,IT,1603548285
Sītāmau,24.02,75.35,76.35,32,0,7.49,IN,1603548285
Iaciara,-14.1,-46.63,71.56,90,100,4.16,BR,1603548285
Port-Gentil,-0.72,8.78,87.8,66,75,14.99,GA,1603548285
Grøa,62.65,8.72,41.0,60,75,11.41,NO,1603548285
Kalmunai,7.42,81.82,82.31,80,71,8.16,LK,1603548285
Saiha,22.48,92.97,69.35,93,100,2.24,IN,1603548285
Vieux Fort,13.72,-60.95,86.0,66,40,23.04,LC,1603548053
Mwingi,-0.93,38.06,85.86,37,25,12.48,KE,1603548285
Pemba,-12.97,40.52,84.2,66,20,12.75,MZ,1603548285
Mehamn,71.04,27.85,36.97,91,100,26.02,NO,1603548285
Yarensk,62.17,49.09,34.32,98,100,3.44,RU,1603548286
São João dos Patos,-6.5,-43.7,79.12,75,90,2.77,BR,1603548054
Jalu,29.03,21.55,80.76,29,0,12.97,LY,1603548286
Bayir,37.27,28.22,86.0,34,0,11.41,TR,1603548286
Marsá Maţrūḩ,31.35,27.25,75.2,60,75,9.17,EG,1603548286
Manono,-7.3,27.42,87.53,52,59,5.46,CD,1603548286
Wertheim am Main,49.76,9.51,60.01,67,86,1.99,DE,1603548286
Baruun-Urt,46.68,113.28,35.49,72,100,1.9,MN,1603548286
Barcelos,41.54,-8.62,62.6,88,75,25.28,PT,1603548286
Arlit,18.74,7.39,95.95,8,0,15.41,NE,1603548286
Pochutla,15.74,-96.47,78.01,78,40,2.68,MX,1603548286
Irsha,55.93,94.79,31.51,98,100,3.29,RU,1603548286
Nichinan,31.6,131.37,51.01,81,0,5.99,JP,1603548287
Ust'-Kulom,61.69,53.69,31.68,99,100,7.14,RU,1603548287
Bay City,43.59,-83.89,37.0,74,1,3.36,US,1603548189
Orël-Izumrud,43.46,39.92,69.8,40,0,4.47,RU,1603548287
Khāsh,28.22,61.22,57.6,32,0,15.95,IR,1603548287
Nandikotkūr,15.87,78.27,79.45,65,1,4.09,IN,1603548287
Marale,14.88,-87.15,73.83,82,55,2.37,HN,1603548287
Storforshei,66.4,14.52,34.0,88,0,3.51,NO,1603548287
Lepley,54.31,42.86,49.17,76,100,7.76,RU,1603548287
Zaraza,9.35,-65.32,83.5,75,75,7.0,VE,1603548067
Gazalkent,41.56,69.77,57.2,33,0,9.17,UZ,1603548287
Rapid Valley,44.06,-103.15,24.01,92,90,10.29,US,1603548084
Takefu,35.9,136.17,59.0,54,40,14.99,JP,1603548142
Pandan,14.05,124.17,82.27,82,100,6.15,PH,1603548287
Ilulissat,69.22,-51.1,21.2,57,75,5.82,GL,1603548288
Soavinandriana,-19.17,46.73,75.79,26,67,11.43,MG,1603548288
Araouane,18.9,-3.53,99.99,9,0,10.69,ML,1603548279
Kumul,42.8,93.45,52.75,40,80,10.58,CN,1603548288
Hammonton,39.64,-74.8,64.0,94,11,6.89,US,1603548288
Kamphaeng Phet,16.25,99.5,73.58,91,0,4.61,TH,1603548288
Palmer,42.16,-72.33,62.01,87,90,6.93,US,1603548288
Salamanca,40.83,-6.0,60.01,58,20,8.05,ES,1603548288
Tezu,27.92,96.17,70.72,86,100,3.06,IN,1603548288
Corcoran,36.1,-119.56,53.6,76,1,5.82,US,1603548288
Kyra,49.58,111.98,33.8,84,100,1.28,RU,1603548288
Katsuura,35.13,140.3,60.8,51,20,13.87,JP,1603548288
Tual,-5.67,132.75,82.96,74,62,8.46,ID,1603548288
Susa,32.19,48.24,76.51,22,0,3.11,IR,1603548288
Codrington,-38.27,141.97,48.36,67,97,16.44,AU,1603548288
Dubai,25.26,55.3,93.2,31,0,13.87,AE,1603548109
Kudahuvadhoo,2.67,72.89,83.05,79,91,10.0,MV,1603548289
Laï,9.4,16.3,95.4,28,58,4.9,TD,1603548289
‘Ewa Beach,21.32,-158.01,75.2,88,40,3.36,US,1603548289
Honiara,-9.43,159.95,73.4,100,40,3.8,SB,1603548289
Ulaanbaatar,47.91,106.88,28.4,54,0,4.85,MN,1603548215
Touros,-5.2,-35.46,86.0,66,75,13.87,BR,1603548289
High Level,58.52,-117.14,3.2,77,5,2.24,CA,1603548289
Prince Rupert,54.32,-130.32,32.0,80,1,9.17,CA,1603548289
Aksu,41.12,80.26,54.21,33,100,6.33,CN,1603548289
Keokuk,40.4,-91.38,37.4,74,90,6.93,US,1603548289
Ganzhou,28.82,115.43,58.44,59,68,3.78,CN,1603548289
El Rincón,14.58,-87.93,67.91,95,85,1.74,HN,1603548289
Bonavista,48.65,-53.11,45.0,82,100,8.01,CA,1603548289
Salalah,17.02,54.09,87.8,43,0,6.93,OM,1603548289
Vardø,70.37,31.11,37.4,86,75,18.34,NO,1603548289
Namtsy,62.72,129.67,5.0,84,0,4.47,RU,1603548290
Rome,43.21,-75.46,48.2,87,90,13.87,US,1603548082
City of San Pedro,14.35,121.02,78.8,94,90,1.12,PH,1603548290
Äänekoski,62.69,25.82,37.99,87,0,6.93,FI,1603548290
São Félix do Xingu,-6.64,-51.99,89.29,54,93,3.91,BR,1603548290
Fillan,63.61,8.97,39.2,67,20,13.87,NO,1603548290
Ruza,55.7,36.2,51.8,57,75,11.18,RU,1603548290
Nome,64.5,-165.41,36.0,91,90,11.41,US,1603548243
Lufilufi,-13.87,-171.6,75.2,94,20,12.84,WS,1603548290
Safaga,26.73,33.94,89.6,31,0,11.41,EG,1603548290
Hambantota,6.12,81.12,84.2,74,40,10.29,LK,1603548290
Mbandaka,0.05,18.26,80.85,74,86,5.17,CD,1603548290
Clyde River,70.47,-68.59,15.8,85,90,4.7,CA,1603548290
La Ronge,55.1,-105.28,21.2,62,90,5.82,CA,1603548291
Nelson Bay,-32.72,152.15,64.0,100,40,6.93,AU,1603548291
Asmara,15.33,38.93,67.89,46,0,10.04,ER,1603548291
Paso de Carrasco,-34.86,-56.05,73.4,83,75,2.24,UY,1603548270
Giruá,-28.03,-54.35,86.0,52,34,1.01,BR,1603548291
Kaka,37.35,59.61,59.31,34,0,8.39,TM,1603548291
Kiryat Gat,31.61,34.76,84.99,66,0,1.01,IL,1603548291
Rach Gia,10.02,105.08,80.6,94,40,2.24,VN,1603548291
Otradnoye,59.78,30.82,41.0,75,75,4.47,RU,1603548291
San Vicente,-26.62,-54.13,88.32,39,48,2.91,AR,1603548291
Tsimmerbude,54.67,20.13,54.0,87,90,11.18,RU,1603548291
Bålsta,59.57,17.53,46.99,100,90,5.82,SE,1603548291
Chute-aux-Outardes,49.12,-68.4,50.0,93,90,10.29,CA,1603548291
Zephyrhills,28.23,-82.18,80.01,88,1,6.93,US,1603548021
Lakselv,70.05,24.97,37.4,93,75,34.45,NO,1603548292
South Kazakhstan Region,43.0,68.0,42.84,56,0,8.59,KZ,1603548292
Illapel,-31.63,-71.17,68.13,47,0,7.65,CL,1603548292
Mayna,54.11,47.62,48.87,80,94,10.8,RU,1603548292
Mt. Pleasant,32.79,-79.86,75.99,100,75,5.26,US,1603548292
Puerto Escondido,15.85,-97.07,75.2,78,40,3.36,MX,1603548292
Hanzhong,33.07,107.03,59.94,67,2,1.03,CN,1603548271
Ambovombe,-25.17,46.08,76.95,67,18,22.95,MG,1603548292
Loandjili,-4.76,11.86,77.0,94,75,5.82,CG,1603548292
Terrell,32.74,-96.28,48.0,62,90,5.82,US,1603548292
Hualmay,-11.1,-77.61,66.52,71,10,7.74,PE,1603548292
Manjacaze,-24.71,33.88,83.37,48,0,10.76,MZ,1603548292
Kendari,-3.94,122.5,79.12,83,22,2.44,ID,1603548292
Dindori,22.95,81.08,69.26,57,5,2.57,IN,1603548144
Luino,46.0,8.75,66.2,63,0,3.36,IT,1603548292
Nantucket,41.28,-70.1,59.0,82,90,4.7,US,1603548292
Sinegorskiy,48.01,40.84,60.89,69,100,6.13,RU,1603548292
Kamenka,51.32,42.77,61.0,67,100,6.04,RU,1603548292
Mulegé,26.88,-111.98,73.71,56,70,1.14,MX,1603548292
Buchanan,5.88,-10.05,86.0,74,75,5.66,LR,1603548292
San Jose,37.34,-121.89,53.6,81,20,1.34,US,1603548250
Burns Lake,54.23,-125.75,9.63,91,0,2.28,CA,1603548262
Sendai,38.27,140.87,51.69,69,27,10.0,JP,1603548293
Medicine Hat,50.05,-110.67,14.0,92,90,8.05,CA,1603548220
Puerto del Rosario,28.5,-13.86,75.2,57,20,14.99,ES,1603548293
Luang Prabang,19.89,102.13,68.45,56,99,0.56,LA,1603548293
Mirante do Paranapanema,-22.29,-51.91,79.84,72,52,7.16,BR,1603548293
Pudozh,61.81,36.53,37.87,80,89,8.7,RU,1603548293
Warmbad,-28.45,18.73,101.23,8,62,11.7,NA,1603548240
Road Town,18.42,-64.62,86.0,74,40,10.29,VG,1603548006
Mandalgovi,45.76,106.27,38.32,55,0,6.73,MN,1603548293
Harstad,68.8,16.53,35.6,93,89,11.41,NO,1603548293
Hue,16.47,107.6,75.2,78,75,8.05,VN,1603548293
Diego de Almagro,-26.37,-70.05,72.88,22,0,6.51,CL,1603548293
Kloulklubed,7.04,134.26,77.0,94,75,4.7,PW,1603548293
Sept-Îles,50.2,-66.38,46.4,100,90,6.93,CA,1603548068
College,64.86,-147.8,24.01,85,75,1.32,US,1603548293
